"EndDate","Symbol","EPInvest"
"2016-12-31","000006","95.0000"
"2016-12-31","000009","109.0000"
"2016-12-31","000012","5943.2900"
"2011-12-31","000021","519.6000"
"2015-12-31","000021","303.2000"
"2016-12-31","000021","1012.2300"
"2020-12-31","000021","2107.2500"
"2011-12-31","000027","8900.0000"
"2016-12-31","000027","9660.9000"
"2013-12-31","000028","700.0000"
"2016-12-31","000028","328.9800"
"2016-12-31","000031","107.9500"
"2016-12-31","000032","4.0200"
"2017-12-31","000032","5.8500"
"2014-12-31","000035","10825.0000"
"2015-12-31","000035","10808.1600"
"2016-12-31","000035","17117.9600"
"2017-12-31","000035","26096.3000"
"2010-12-31","000039","5800.0000"
"2011-12-31","000039","10000.0000"
"2012-12-31","000039","9000.0000"
"2015-12-31","000039","9500.0000"
"2016-12-31","000039","9.2000"
"2017-12-31","000039","54000.0000"
"2018-12-31","000039","42.0470"
"2015-12-31","000050","8124.7700"
"2016-12-31","000050","7568.2000"
"2017-12-31","000050","635.0000"
"2019-12-31","000050","13000.0000"
"2011-12-31","000055","81.1900"
"2012-12-31","000055","71.8500"
"2013-12-31","000055","78.2000"
"2014-12-31","000055","77.1800"
"2016-12-31","000055","121.0000"
"2017-12-31","000055","58.0000"
"2016-12-31","000060","6912.1700"
"2016-12-31","000065","5095.5400"
"2016-12-31","000066","225.3700"
"2016-12-31","000090","323.9000"
"2015-12-31","000100","35489.0000"
"2017-12-31","000100","21347.1800"
"2018-12-31","000100","19375.2800"
"2019-12-31","000100","31629.3800"
"2011-12-31","000157","1000.0000"
"2012-12-31","000157","1200.0000"
"2016-12-31","000157","1501.0000"
"2020-12-31","000157","5900.0000"
"2017-12-31","000159","615.0000"
"2016-12-31","000301","532.5900"
"2017-12-31","000301","469.5800"
"2016-12-31","000338","2100.0000"
"2016-12-31","000400","388.8200"
"2016-12-31","000401","5360.0000"
"2016-12-31","000413","901.7800"
"2016-12-31","000422","1183.0000"
"2017-12-31","000422","8138.0000"
"2018-12-31","000422","6151.0000"
"2019-12-31","000422","10300.0000"
"2015-12-31","000423","365.0000"
"2016-12-31","000423","350.0000"
"2016-12-31","000425","4390.2300"
"2016-12-31","000498","804.0000"
"2020-12-31","000498","18502.8500"
"2019-12-31","000513","102.5900"
"2014-12-31","000528","6267.0000"
"2015-12-31","000528","657.0000"
"2016-12-31","000528","608.0000"
"2017-12-31","000528","786.0000"
"2018-12-31","000528","1702.0000"
"2016-12-31","000530","562.0000"
"2015-12-31","000536","321.5000"
"2016-12-31","000536","353.9000"
"2015-12-31","000538","2087.8800"
"2016-12-31","000538","2213.1500"
"2016-12-31","000539","100516.9800"
"2017-12-31","000539","241600.0000"
"2016-12-31","000547","3.8500"
"2013-12-31","000550","4644.0000"
"2014-12-31","000550","349400.0000"
"2015-12-31","000550","2350.0000"
"2016-12-31","000550","3003.0000"
"2017-12-31","000550","3627.0000"
"2018-12-31","000550","4104.0000"
"2019-12-31","000550","7526.0000"
"2015-12-31","000553","3700.0000"
"2016-12-31","000559","3785.9000"
"2016-12-31","000568","111.2300"
"2011-12-31","000581","581.0000"
"2012-12-31","000581","653.0000"
"2016-12-31","000581","826.0000"
"2017-12-31","000581","1002.0000"
"2020-12-31","000581","1280.0000"
"2017-12-31","000582","5021.0000"
"2018-12-31","000582","8392.0400"
"2020-12-31","000582","13597.0000"
"2008-12-31","000589","550.0000"
"2009-12-31","000589","565.0000"
"2011-12-31","000589","2180.0000"
"2016-12-31","000596","826.2900"
"2015-12-31","000598","89850.1000"
"2016-12-31","000598","192366.8000"
"2017-12-31","000598","1240.0000"
"2020-12-31","000600","14500.0000"
"2016-12-31","000607","30.0000"
"2012-12-31","000612","1078.0000"
"2013-12-31","000612","5166.0000"
"2019-12-31","000619","957.0000"
"2016-12-31","000623","400.9700"
"2010-12-31","000625","1279.0000"
"2011-12-31","000625","2400.0000"
"2012-12-31","000625","2600.0000"
"2016-12-31","000625","27383.0000"
"2017-12-31","000625","2015.4200"
"2018-12-31","000625","21335.0000"
"2016-12-31","000629","2100.0000"
"2019-12-31","000629","12707.0000"
"2012-12-31","000630","9715.0000"
"2016-12-31","000630","16714.5000"
"2011-12-31","000635","4401.8600"
"2014-12-31","000635","11047.4000"
"2015-12-31","000635","6676.5000"
"2016-12-31","000635","7649.6900"
"2017-12-31","000635","9777.6400"
"2018-12-31","000635","7654.5000"
"2019-12-31","000635","4538.2700"
"2016-12-31","000651","284.0000"
"2016-12-31","000655","9883.8000"
"2016-12-31","000663","816.2500"
"2016-12-31","000672","5600.0000"
"2016-12-31","000680","211.5200"
"2016-12-31","000692","11000.0000"
"2018-12-31","000692","6298.5000"
"2016-12-31","000701","36.0000"
"2018-12-31","000703","50000.0000"
"2020-12-31","000703","8231.9100"
"2021-12-31","000708","50000.0000"
"2016-12-31","000723","15579.5602"
"2012-12-31","000725","152000.0000"
"2016-12-31","000725","42097.0000"
"2017-12-31","000725","40862.0100"
"2016-12-31","000726","564.5200"
"2018-12-31","000726","20000.0000"
"2015-12-31","000727","65.0000"
"2015-12-31","000729","7051.0000"
"2016-12-31","000729","9247.0000"
"2020-12-31","000729","4012.1300"
"2016-12-31","000735","3778.8600"
"2011-12-31","000756","1970.0000"
"2017-12-31","000756","12071.0000"
"2018-12-31","000756","17000.0000"
"2020-12-31","000756","22000.0000"
"2021-12-31","000756","21900.0000"
"2016-12-31","000758","4811.0000"
"2017-12-31","000758","3972.7100"
"2018-12-31","000758","1040.0000"
"2011-12-31","000761","10400.0000"
"2015-12-31","000761","19985.0000"
"2016-12-31","000761","39379.0000"
"2016-12-31","000762","1255.5900"
"2020-12-31","000762","1883.8400"
"2016-12-31","000768","1105.0100"
"2011-12-31","000778","13000.0000"
"2016-12-31","000778","51237.0000"
"2011-12-31","000786","11981.8000"
"2020-12-31","000786","34237.8400"
"2016-12-31","000792","43100.0000"
"2016-12-31","000800","1562.0000"
"2017-12-31","000800","1763.0000"
"2020-12-31","000800","2073.5000"
"2015-12-31","000807","24842.0000"
"2016-12-31","000807","19000.0000"
"2019-12-31","000807","24000.0000"
"2016-12-31","000815","1131.0000"
"2012-12-31","000821","243.7800"
"2013-12-31","000825","19723.0000"
"2016-12-31","000825","13298.1700"
"2018-12-31","000825","38449.7000"
"2020-12-31","000825","72200.0000"
"2016-12-31","000826","254305.0200"
"2012-12-31","000831","800.0000"
"2016-12-31","000833","2803.4700"
"2017-12-31","000833","2792.1700"
"2020-12-31","000833","3183.0000"
"2016-12-31","000858","7675.5900"
"2016-12-31","000869","630.0000"
"2017-12-31","000869","400.0000"
"2010-12-31","000876","1322.3100"
"2016-12-31","000876","1994.3300"
"2019-12-31","000876","49000.0000"
"2019-12-31","000877","13126.0000"
"2016-12-31","000878","3918.8000"
"2017-12-31","000878","11224.5000"
"2020-12-31","000878","86778.2700"
"2016-12-31","000883","3500.0000"
"2010-12-31","000895","519.0000"
"2017-12-31","000898","62000.0000"
"2021-12-31","000898","222000.0000"
"2014-12-31","000903","834.0000"
"2016-12-31","000926","3727.2400"
"2016-12-31","000927","433.0000"
"2015-12-31","000932","30968.0000"
"2020-12-31","000932","122000.0000"
"2021-12-31","000932","188200.0000"
"2016-12-31","000933","14567.4000"
"2016-12-31","000937","3181.0000"
"2012-12-31","000949","3500.0000"
"2014-12-31","000949","5387.3600"
"2015-12-31","000949","6200.9600"
"2016-12-31","000950","211.5000"
"2017-12-31","000950","180.0000"
"2020-12-31","000950","90.6400"
"2011-12-31","000960","9412.0000"
"2014-12-31","000960","33623.9200"
"2015-12-31","000960","23740.0000"
"2016-12-31","000960","19952.0000"
"2017-12-31","000960","25626.0000"
"2016-12-31","000962","1200.0000"
"2018-12-31","000963","2457.0000"
"2014-12-31","000966","61549.0000"
"2008-12-31","000968","6089.0000"
"2014-12-31","000968","4486.4400"
"2015-12-31","000968","4412.0000"
"2016-12-31","000968","369.6200"
"2016-12-31","000969","327.0000"
"2016-12-31","000977","200.1600"
"2016-12-31","000983","1348.0000"
"2017-12-31","000983","27000.0000"
"2018-12-31","000983","29800.0000"
"2020-12-31","000983","25633.3600"
"2016-12-31","000988","86.3000"
"2016-12-31","000993","357.0000"
"2014-12-31","000999","1632.9000"
"2015-12-31","000999","2689.1000"
"2016-12-31","000999","2689.1000"
"2019-12-31","000999","3510.9700"
"2020-12-31","000999","3329.0000"
"2020-12-31","001872","14547.0000"
"2021-12-31","001872","23667.0000"
"2008-12-31","002001","3000.0000"
"2016-12-31","002001","4840.7300"
"2017-12-31","002001","16861.8800"
"2020-12-31","002001","46300.0000"
"2014-12-31","002003","928.8700"
"2015-12-31","002003","2112.9300"
"2016-12-31","002003","2336.5400"
"2015-12-31","002006","25.0000"
"2016-12-31","002006","22.0000"
"2016-12-31","002007","501.3900"
"2016-12-31","002014","370.0000"
"2015-12-31","002018","1230.0000"
"2016-12-31","002029","34.6800"
"2016-12-31","002030","93.6900"
"2016-12-31","002033","7710.6400"
"2016-12-31","002035","57.1000"
"2016-12-31","002038","58.5000"
"2010-12-31","002039","9696.8900"
"2014-12-31","002039","1820.0000"
"2020-12-31","002039","771.0000"
"2016-12-31","002041","4.0000"
"2012-12-31","002042","625.0000"
"2013-12-31","002042","825.0000"
"2016-12-31","002042","3850.0000"
"2016-12-31","002051","2500.0000"
"2014-12-31","002053","1100.0000"
"2016-12-31","002053","507.0900"
"2017-12-31","002053","1087.0000"
"2012-12-31","002054","51.3700"
"2013-12-31","002054","150.6000"
"2014-12-31","002054","118.5400"
"2016-12-31","002054","335.8000"
"2017-12-31","002054","606.3100"
"2008-12-31","002056","510.0000"
"2009-12-31","002056","470.0000"
"2010-12-31","002056","2210.0000"
"2014-12-31","002056","3000.0000"
"2016-12-31","002056","5119.0000"
"2017-12-31","002056","8928.0000"
"2019-12-31","002056","4763.0000"
"2021-12-31","002056","7230.4000"
"2013-12-31","002062","541.5700"
"2014-12-31","002062","772.1200"
"2016-12-31","002062","146.2600"
"2017-12-31","002062","608.5400"
"2018-12-31","002062","2487.5000"
"2019-12-31","002062","2092.0900"
"2020-12-31","002062","1716.5300"
"2016-12-31","002063","4.8900"
"2016-12-31","002064","1034.0000"
"2017-12-31","002064","800.0000"
"2018-12-31","002064","760.0000"
"2020-12-31","002064","1050.0000"
"2019-12-31","002066","2776.0000"
"2012-12-31","002067","10203.0000"
"2013-12-31","002067","7032.0000"
"2016-12-31","002067","8394.0000"
"2017-12-31","002067","3655.0000"
"2019-12-31","002067","10732.9600"
"2020-12-31","002067","10202.0350"
"2021-12-31","002067","2849.7700"
"2016-12-31","002070","348.7400"
"2016-12-31","002073","40.0000"
"2020-12-31","002074","1022.2838"
"2016-12-31","002078","31415.0000"
"2016-12-31","002079","244.7300"
"2010-12-31","002080","882.5600"
"2016-12-31","002080","4303.3900"
"2016-12-31","002081","3450.0000"
"2016-12-31","002084","1489.5700"
"2016-12-31","002092","42123.0000"
"2016-12-31","002096","584.5000"
"2016-12-31","002098","276.7900"
"2016-12-31","002103","42.3500"
"2013-12-31","002110","2751.0000"
"2014-12-31","002110","1353.0000"
"2016-12-31","002110","82000.0000"
"2017-12-31","002110","95000.0000"
"2016-12-31","002129","3621.2900"
"2013-12-31","002136","7182.4500"
"2014-12-31","002136","7686.9900"
"2016-12-31","002136","5949.7600"
"2017-12-31","002136","6322.6000"
"2018-12-31","002136","10936.0400"
"2019-12-31","002136","11017.0100"
"2016-12-31","002144","533.1100"
"2013-12-31","002145","12000.0000"
"2016-12-31","002145","14600.0000"
"2020-12-31","002145","26404.3000"
"2016-12-31","002146","730.4000"
"2020-12-31","002149","280.0000"
"2016-12-31","002155","4183.0000"
"2012-12-31","002161","30.0000"
"2018-12-31","002161","10.2975"
"2011-12-31","002162","550.0000"
"2012-12-31","002162","308.5500"
"2016-12-31","002162","300.8700"
"2013-12-31","002165","339.8000"
"2016-12-31","002165","325.0000"
"2016-12-31","002170","64.9600"
"2016-12-31","002176","150.0000"
"2017-12-31","002176","150.0000"
"2012-12-31","002179","300.0000"
"2013-12-31","002179","140.0000"
"2016-12-31","002179","1034.5500"
"2019-12-31","002179","829.0000"
"2020-12-31","002179","3087.9000"
"2021-12-31","002179","1905.0100"
"2016-12-31","002189","65.0000"
"2020-12-31","002189","200.0000"
"2011-12-31","002203","1173.6000"
"2013-12-31","002203","667.3000"
"2014-12-31","002203","6043.8000"
"2015-12-31","002203","2427.7800"
"2016-12-31","002203","1695.3000"
"2018-12-31","002203","4967.4400"
"2019-12-31","002203","1635.5726"
"2020-12-31","002203","20957.5300"
"2016-12-31","002222","75.6800"
"2008-12-31","002229","94.2000"
"2016-12-31","002229","194.1000"
"2015-12-31","002233","3330.7800"
"2016-12-31","002233","2844.0000"
"2015-12-31","002236","565.5600"
"2016-12-31","002236","245.8700"
"2014-12-31","002237","5515.4300"
"2015-12-31","002237","7892.0450"
"2017-12-31","002237","23291.1300"
"2018-12-31","002237","19536.5400"
"2019-12-31","002237","26983.9700"
"2021-12-31","002237","19185.4100"
"2020-12-31","002239","300.0000"
"2016-12-31","002241","926.5000"
"2018-12-31","002244","44200.0000"
"2016-12-31","002246","2390.0000"
"2017-12-31","002246","1993.0000"
"2021-12-31","002246","6010.0000"
"2013-12-31","002249","120.0000"
"2014-12-31","002249","122.3700"
"2015-12-31","002249","162.3000"
"2016-12-31","002249","162.3000"
"2014-12-31","002250","16000.0000"
"2015-12-31","002250","17556.8100"
"2016-12-31","002250","15363.5900"
"2016-12-31","002252","280.0000"
"2013-12-31","002271","3612.9700"
"2014-12-31","002271","2420.6550"
"2015-12-31","002271","2287.4100"
"2016-12-31","002271","2115.7400"
"2017-12-31","002271","4449.2700"
"2018-12-31","002271","4149.2994"
"2016-12-31","002276","150.5100"
"2016-12-31","002281","25.0000"
"2020-12-31","002281","141.6900"
"2015-12-31","002286","960.9000"
"2016-12-31","002286","1040.0000"
"2014-12-31","002287","151.9400"
"2015-12-31","002287","18.4500"
"2016-12-31","002287","25.8000"
"2016-12-31","002292","77.1900"
"2015-12-31","002296","0.4000"
"2016-12-31","002296","1.9900"
"2017-12-31","002296","0.6900"
"2016-12-31","002299","3759.3500"
"2011-12-31","002300","300.0000"
"2016-12-31","002300","32.3400"
"2016-12-31","002304","3281.8100"
"2016-12-31","002317","267.7200"
"2014-12-31","002318","1700.0000"
"2015-12-31","002318","1300.0000"
"2014-12-31","002326","1675.8000"
"2016-12-31","002331","133.6000"
"2010-12-31","002340","6965.0000"
"2011-12-31","002340","8070.7800"
"2012-12-31","002340","5482.9800"
"2014-12-31","002340","13602.6400"
"2016-12-31","002340","17120.2000"
"2017-12-31","002340","33195.8800"
"2016-12-31","002348","20.0000"
"2016-12-31","002353","34.9900"
"2020-12-31","002365","2000.0000"
"2016-12-31","002368","518916.6000"
"2018-12-31","002371","485.3300"
"2016-12-31","002372","186.9400"
"2016-12-31","002385","1512.7200"
"2014-12-31","002386","12000.0000"
"2018-12-31","002386","15700.0000"
"2016-12-31","002394","2247.2000"
"2016-12-31","002396","61.5500"
"2020-12-31","002407","1300.0000"
"2016-12-31","002415","263.4800"
"2011-12-31","002418","747.9800"
"2015-12-31","002419","2243.2500"
"2016-12-31","002419","1539.0000"
"2010-12-31","002422","2225.9000"
"2011-12-31","002422","3339.4100"
"2012-12-31","002422","3436.8400"
"2013-12-31","002422","44259.8067"
"2015-12-31","002422","37237.0000"
"2016-12-31","002422","22031.6300"
"2017-12-31","002422","24294.0000"
"2018-12-31","002422","36400.0000"
"2020-12-31","002422","47334.0000"
"2016-12-31","002438","43.0000"
"2016-12-31","002450","99.3400"
"2016-12-31","002454","64.0000"
"2016-12-31","002456","82.4000"
"2018-12-31","002460","11087.8000"
"2019-12-31","002460","12284.0000"
"2020-12-31","002460","8372.0000"
"2013-12-31","002463","2200.0000"
"2016-12-31","002465","60.0000"
"2020-12-31","002465","145700.0000"
"2011-12-31","002466","956.3700"
"2012-12-31","002466","1438.2000"
"2013-12-31","002466","1588.4600"
"2014-12-31","002466","693.3700"
"2016-12-31","002474","3.5500"
"2016-12-31","002475","234.0000"
"2016-12-31","002477","2572.7500"
"2011-12-31","002486","167.5700"
"2017-12-31","002496","40000.0000"
"2016-12-31","002498","36.0000"
"2016-12-31","002508","131.6400"
"2016-12-31","002509","168.6800"
"2011-12-31","002515","300.0000"
"2016-12-31","002523","111.0000"
"2016-12-31","002527","37.9000"
"2017-12-31","002527","44.5000"
"2018-12-31","002527","45.6500"
"2016-12-31","002543","754.9800"
"2016-12-31","002544","309.1100"
"2017-12-31","002544","3540.0000"
"2018-12-31","002544","1200.0000"
"2020-12-31","002544","1400.0000"
"2016-12-31","002548","394.7900"
"2016-12-31","002557","203.0000"
"2016-12-31","002578","347.1000"
"2016-12-31","002582","1251.3200"
"2014-12-31","002594","35300.0000"
"2016-12-31","002594","25245.8400"
"2020-12-31","002600","8925.7600"
"2017-12-31","002601","31590.0000"
"2011-12-31","002626","1454.0000"
"2013-12-31","002626","2400.0000"
"2016-12-31","002626","575.0000"
"2016-12-31","002635","8.7200"
"2016-12-31","002639","49.2000"
"2016-12-31","002641","155.4200"
"2020-12-31","002641","85.2100"
"2016-12-31","002653","1000.0000"
"2012-12-31","002672","1913.0000"
"2013-12-31","002674","2067.1900"
"2016-12-31","002674","4549.1600"
"2016-12-31","002728","340.1600"
"2016-12-31","002734","9139.0000"
"2018-12-31","002734","8532.4300"
"2019-12-31","002734","9952.8700"
"2015-12-31","002773","219.6600"
"2017-12-31","002773","468.0400"
"2018-12-31","002773","776.1100"
"2019-12-31","002773","785.0600"
"2020-12-31","002773","493.2100"
"2018-12-31","002783","1227.5300"
"2017-12-31","002815","4956.9400"
"2018-12-31","002815","3529.5300"
"2020-12-31","002841","50.0000"
"2020-12-31","002847","1106.6400"
"2021-12-31","002847","753.0000"
"2017-12-31","002913","2529.5200"
"2019-12-31","002915","2080.3900"
"2019-12-31","002918","3930.3400"
"2019-12-31","002937","255.4000"
"2018-12-31","002938","32200.0000"
"2019-12-31","002938","37000.0000"
"2016-12-31","300004","79.1900"
"2016-12-31","300015","318.1500"
"2016-12-31","300016","91.7500"
"2015-12-31","300019","493.6500"
"2016-12-31","300019","315.0200"
"2016-12-31","300024","26.5300"
"2016-12-31","300030","73.2900"
"2013-12-31","300034","372.0000"
"2016-12-31","300034","13.0000"
"2016-12-31","300039","134.0100"
"2016-12-31","300043","2.6600"
"2016-12-31","300047","10.0000"
"2016-12-31","300062","23.4400"
"2016-12-31","300067","2060.7900"
"2020-12-31","300070","500.0000"
"2016-12-31","300077","0.8000"
"2016-12-31","300080","2204.3000"
"2016-12-31","300082","150.0000"
"2016-12-31","300086","191.0000"
"2016-12-31","300110","108.6000"
"2016-12-31","300124","48.6000"
"2016-12-31","300132","1160.0000"
"2017-12-31","300134","100.0000"
"2020-12-31","300142","402.9951"
"2013-12-31","300165","1.5200"
"2016-12-31","300174","182.3000"
"2016-12-31","300179","96.8600"
"2011-12-31","300181","537.1600"
"2013-12-31","300181","247.6800"
"2014-12-31","300181","1311.8600"
"2015-12-31","300181","782.0000"
"2016-12-31","300181","2252.3900"
"2020-12-31","300207","5192.0000"
"2016-12-31","300248","30000.0000"
"2015-12-31","300259","8.4100"
"2016-12-31","300259","59.8000"
"2015-12-31","300296","1.5000"
"2016-12-31","300296","3.0000"
"2014-12-31","300349","9.5000"
"2015-12-31","300349","12.7000"
"2016-12-31","300349","122.0000"
"2017-12-31","300363","4224.0000"
"2020-12-31","300363","5920.0000"
"2016-12-31","300387","205.7000"
"2017-12-31","300452","72.6600"
"2019-12-31","300452","875.6300"
"2016-12-31","300463","60.8900"
"2017-12-31","300463","86.4100"
"2016-12-31","300488","70.0000"
"2016-12-31","300498","66303.8500"
"2017-12-31","300498","92700.0000"
"2018-12-31","300498","72500.0000"
"2019-12-31","300498","6780.0000"
"2020-12-31","300498","67500.0000"
"2016-12-31","300549","30.1200"
"2017-12-31","300549","18.5000"
"2018-12-31","300549","44.3600"
"2019-12-31","300549","100.9200"
"2017-12-31","300583","4211.3700"
"2020-12-31","300599","296.0000"
"2018-12-31","300721","1693.8300"
"2019-12-31","300721","549.8900"
"2018-12-31","300737","306.9700"
"2020-12-31","300748","818.0400"
"2019-12-31","300759","1165.2300"
"2019-12-31","300760","73.0000"
"2020-12-31","300865","105344.8800"
"2020-12-31","300999","49600.0000"
"2014-12-31","600005","190000.0000"
"2013-12-31","600017","9688.0000"
"2015-12-31","600017","8700.0000"
"2015-12-31","600019","137400.0025"
"2017-12-31","600019","803400.0000"
"2015-12-31","600021","46000.0000"
"2014-12-31","600022","15982.8000"
"2016-12-31","600022","3977.0000"
"2020-12-31","600022","250000.0000"
"2015-12-31","600026","2504.5000"
"2018-12-31","600027","267699.0000"
"2010-12-31","600028","38800.0000"
"2014-12-31","600028","941000.0000"
"2016-12-31","600028","636000.0000"
"2017-12-31","600028","785100.0000"
"2020-12-31","600028","1140000.0000"
"2010-12-31","600029","23946.0000"
"2012-12-31","600058","18578.0000"
"2015-12-31","600058","28000.0000"
"2021-12-31","600058","325.9500"
"2013-12-31","600062","25.0000"
"2015-12-31","600062","1129.0000"
"2016-12-31","600062","2335.0000"
"2019-12-31","600062","3459.0000"
"2020-12-31","600062","4148.0000"
"2016-12-31","600063","1875.1626"
"2017-12-31","600063","48634152.8200"
"2018-12-31","600063","9301.4900"
"2013-12-31","600068","29145.0000"
"2015-12-31","600068","24630.0000"
"2016-12-31","600068","204800.0000"
"2018-12-31","600068","811100.0000"
"2019-12-31","600068","104900.0000"
"2010-12-31","600070","918.2900"
"2011-12-31","600070","929.1300"
"2012-12-31","600070","990.0400"
"2013-12-31","600070","1334.9000"
"2016-12-31","600070","1269.6000"
"2018-12-31","600070","1358.6900"
"2019-12-31","600070","1349.7800"
"2016-12-31","600075","4056.8900"
"2017-12-31","600075","8526.0000"
"2018-12-31","600075","9924.5500"
"2020-12-31","600079","2400.0000"
"2009-12-31","600085","1258.5300"
"2013-12-31","600089","4000.0000"
"2018-12-31","600089","34800.0000"
"2014-12-31","600096","10499.0000"
"2016-12-31","600096","26569.8500"
"2017-12-31","600096","14503.0000"
"2018-12-31","600096","24788.0000"
"2015-12-31","600098","30000.0000"
"2020-12-31","600099","19.5204"
"2020-12-31","600115","64000.0000"
"2014-12-31","600117","5900.0000"
"2015-12-31","600117","2941.0000"
"2015-12-31","600121","364.1200"
"2008-12-31","600123","9777.0000"
"2009-12-31","600123","3775.6900"
"2010-12-31","600123","3240.0000"
"2011-12-31","600123","4943.0000"
"2012-12-31","600123","5767.0000"
"2014-12-31","600123","3448.0000"
"2016-12-31","600123","3893.0000"
"2017-12-31","600123","7253.5500"
"2016-12-31","600135","760.0000"
"2018-12-31","600135","487.0000"
"2016-12-31","600141","14826.2800"
"2017-12-31","600141","39232.0000"
"2018-12-31","600141","47155.0000"
"2019-12-31","600141","61827.1300"
"2021-12-31","600141","34000.0000"
"2016-12-31","600143","4113.6400"
"2017-12-31","600143","3943.8100"
"2018-12-31","600143","3861.9300"
"2019-12-31","600143","2574.1900"
"2012-12-31","600160","6961.0000"
"2013-12-31","600160","14199.0000"
"2016-12-31","600160","7420.0000"
"2017-12-31","600160","1300.0000"
"2019-12-31","600160","3000.0000"
"2019-12-31","600165","3830.4600"
"2010-12-31","600166","1300.0000"
"2015-12-31","600166","16000.0000"
"2016-12-31","600166","1059.0000"
"2017-12-31","600166","43407.0000"
"2020-12-31","600166","1182.2700"
"2015-12-31","600183","230.0000"
"2017-12-31","600183","765.0000"
"2019-12-31","600183","1786.0000"
"2020-12-31","600183","1259.4000"
"2011-12-31","600184","719.7000"
"2012-12-31","600184","456.8000"
"2013-12-31","600184","200.0000"
"2018-12-31","600184","180.0000"
"2015-12-31","600188","14664.5800"
"2017-12-31","600188","19000.0000"
"2018-12-31","600188","145000.0000"
"2015-12-31","600196","3166.0000"
"2016-12-31","600196","3346.0000"
"2017-12-31","600196","7348.0000"
"2018-12-31","600196","15952.1000"
"2019-12-31","600196","12483.0000"
"2020-12-31","600196","1075.0000"
"2016-12-31","600200","1165.7800"
"2017-12-31","600200","4851.8600"
"2018-12-31","600200","6670.0100"
"2019-12-31","600200","2363.3300"
"2016-12-31","600210","2700.0000"
"2017-12-31","600210","2655.0000"
"2017-12-31","600221","6228.0000"
"2017-12-31","600227","852.1900"
"2018-12-31","600227","861.6743"
"2019-12-31","600227","775.1200"
"2016-12-31","600228","116.8200"
"2017-12-31","600228","8.0085"
"2018-12-31","600228","344.1500"
"2019-12-31","600228","480.0000"
"2016-12-31","600230","3820.0000"
"2017-12-31","600230","5138.7900"
"2018-12-31","600230","12253.5700"
"2019-12-31","600230","9719.2000"
"2012-12-31","600232","230.2000"
"2019-12-31","600232","265.8000"
"2020-12-31","600232","273.4000"
"2012-12-31","600235","1562.2000"
"2013-12-31","600235","1620.0000"
"2016-12-31","600235","2384.4600"
"2020-12-31","600235","1919.0000"
"2014-12-31","600251","1984.6000"
"2013-12-31","600256","90121.9000"
"2014-12-31","600256","156352.6300"
"2015-12-31","600256","107333.8000"
"2016-12-31","600256","10897.3800"
"2017-12-31","600256","15723.4000"
"2019-12-31","600256","5873.9800"
"2013-12-31","600259","3400.0000"
"2014-12-31","600259","1000.0000"
"2016-12-31","600259","1617.0000"
"2017-12-31","600259","1520.0000"
"2012-12-31","600267","8500.0000"
"2013-12-31","600267","19195.1600"
"2014-12-31","600267","19395.0000"
"2016-12-31","600267","7576.0000"
"2017-12-31","600267","8534.0000"
"2020-12-31","600267","8862.8500"
"2016-12-31","600273","7165.8200"
"2017-12-31","600273","10785.7400"
"2018-12-31","600273","13716.8200"
"2021-12-31","600276","13879.0000"
"2016-12-31","600277","15000.0000"
"2017-12-31","600277","50000.0000"
"2019-12-31","600277","17881.2700"
"2019-12-31","600281","131.0400"
"2020-12-31","600284","1100.0000"
"2016-12-31","600293","4300.0000"
"2017-12-31","600293","6145.0000"
"2020-12-31","600293","11700.0000"
"2016-12-31","600299","4000.0000"
"2016-12-31","600309","13300.0000"
"2017-12-31","600309","30600.0000"
"2018-12-31","600309","39700.0000"
"2019-12-31","600309","79000.0000"
"2016-12-31","600315","2437.6000"
"2017-12-31","600315","322.1000"
"2019-12-31","600315","594.7000"
"2016-12-31","600319","3496.7800"
"2017-12-31","600319","1544.0000"
"2019-12-31","600319","1540.0000"
"2016-12-31","600328","1355.7800"
"2017-12-31","600328","2577.6500"
"2019-12-31","600328","13215.1900"
"2015-12-31","600332","1781.8700"
"2020-12-31","600335","763.8600"
"2016-12-31","600346","12230.8500"
"2017-12-31","600346","6647.3200"
"2018-12-31","600346","29550.2500"
"2013-12-31","600351","1346.0000"
"2016-12-31","600352","43138.0800"
"2017-12-31","600352","58300.8100"
"2018-12-31","600352","82514.8700"
"2019-12-31","600352","1075680.1045"
"2017-12-31","600356","1556.3400"
"2019-12-31","600362","30000.0000"
"2020-12-31","600362","32900.0000"
"2021-12-31","600362","78600.0000"
"2016-12-31","600367","6027.0200"
"2017-12-31","600367","8985.2500"
"2019-12-31","600367","10303.4500"
"2020-12-31","600372","992.3500"
"2019-12-31","600377","746.6800"
"2016-12-31","600378","115.9100"
"2017-12-31","600378","116.9100"
"2018-12-31","600378","3626.9400"
"2014-12-31","600389","1100.0000"
"2016-12-31","600389","4742.6800"
"2017-12-31","600389","3797.1900"
"2018-12-31","600397","1234.8700"
"2019-12-31","600397","2515.5000"
"2020-12-31","600397","753.9000"
"2011-12-31","600399","4000.0000"
"2013-12-31","600399","3500.0000"
"2020-12-31","600406","223.9300"
"2016-12-31","600409","32241.6600"
"2017-12-31","600409","44539.9400"
"2018-12-31","600409","53054.1100"
"2019-12-31","600409","41163.0200"
"2013-12-31","600420","3390.3000"
"2014-12-31","600420","3050.0000"
"2015-12-31","600420","1135.0000"
"2016-12-31","600420","2893.0000"
"2017-12-31","600420","2490.0000"
"2018-12-31","600420","60411.0000"
"2019-12-31","600420","28809.0000"
"2020-12-31","600420","28875.0000"
"2016-12-31","600423","10269.3000"
"2017-12-31","600423","9964.3800"
"2008-12-31","600425","887.2400"
"2016-12-31","600426","20873.0000"
"2017-12-31","600426","17933.3600"
"2019-12-31","600426","22469.4000"
"2014-12-31","600429","293.9000"
"2015-12-31","600429","538.6800"
"2016-12-31","600429","196.0000"
"2017-12-31","600429","474.0000"
"2018-12-31","600429","119.2150"
"2019-12-31","600429","97.0000"
"2020-12-31","600429","705.0000"
"2013-12-31","600435","46.0000"
"2014-12-31","600435","14.8200"
"2015-12-31","600435","19.6800"
"2016-12-31","600435","29.3000"
"2020-12-31","600438","15223.0000"
"2021-12-31","600438","30400.0000"
"2008-12-31","600456","230.0000"
"2009-12-31","600456","350.0000"
"2010-12-31","600456","180.0000"
"2019-12-31","600458","2130.0000"
"2020-12-31","600461","298.8000"
"2017-12-31","600469","9106.0000"
"2018-12-31","600469","38243096.0000"
"2016-12-31","600470","4744.3800"
"2017-12-31","600470","4744.3800"
"2018-12-31","600470","8611.1700"
"2021-12-31","600477","216.7100"
"2021-12-31","600481","103.5135"
"2010-12-31","600483","694.6800"
"2014-12-31","600483","10194.0000"
"2020-12-31","600483","9953.0000"
"2016-12-31","600486","8876.7700"
"2017-12-31","600486","11001.2800"
"2018-12-31","600486","13870.2900"
"2019-12-31","600486","22855.9700"
"2012-12-31","600488","150.0000"
"2015-12-31","600489","7423.0000"
"2016-12-31","600489","32500.0000"
"2017-12-31","600489","41100.0000"
"2019-12-31","600489","17017.4600"
"2020-12-31","600489","28402.6200"
"2017-12-31","600490","137.3014"
"2020-12-31","600490","315.2755"
"2015-12-31","600493","821.7300"
"2017-12-31","600493","1094.2300"
"2018-12-31","600493","1214.7100"
"2015-12-31","600495","32.2000"
"2016-12-31","600495","55.8000"
"2014-12-31","600497","14958.0980"
"2015-12-31","600497","6704.0000"
"2016-12-31","600497","32200.0000"
"2017-12-31","600497","38864.0000"
"2018-12-31","600497","63440.4700"
"2019-12-31","600497","83525.9800"
"2016-12-31","600500","22034.0000"
"2017-12-31","600500","23332.0000"
"2018-12-31","600500","43928.0000"
"2015-12-31","600502","2160.0000"
"2015-12-31","600508","977.0000"
"2016-12-31","600508","17900.0000"
"2017-12-31","600508","8092.8400"
"2017-12-31","600515","570.5500"
"2015-12-31","600516","1100.0000"
"2015-12-31","600519","20300.0000"
"2020-12-31","600521","9300.0000"
"2010-12-31","600531","5160.0000"
"2016-12-31","600538","528.6600"
"2018-12-31","600547","7498.0000"
"2021-12-31","600557","1115.0000"
"2018-12-31","600561","200.5200"
"2009-12-31","600569","44793.0000"
"2010-12-31","600569","11800.0000"
"2011-12-31","600569","29814.0000"
"2012-12-31","600569","15244.7100"
"2013-12-31","600569","34259.2000"
"2014-12-31","600569","4346.0000"
"2015-12-31","600569","19600.0000"
"2016-12-31","600569","21510.8200"
"2014-12-31","600584","1200.0000"
"2016-12-31","600595","6166.3100"
"2012-12-31","600596","3780.2022"
"2013-12-31","600596","6584.3076"
"2014-12-31","600596","4947.0376"
"2015-12-31","600596","4014.5054"
"2016-12-31","600596","16033.9400"
"2017-12-31","600596","20504.4000"
"2019-12-31","600596","23267.4700"
"2010-12-31","600597","1153.4000"
"2011-12-31","600597","1230.0000"
"2015-12-31","600597","1328.0000"
"2020-12-31","600597","1471.0000"
"2011-12-31","600600","2420.0000"
"2019-12-31","600610","71.0700"
"2012-12-31","600618","6118.9000"
"2016-12-31","600618","3892.2800"
"2017-12-31","600618","4168.5000"
"2016-12-31","600619","599.0000"
"2016-12-31","600623","20702.5400"
"2018-12-31","600623","30700.0000"
"2019-12-31","600623","30380.0000"
"2016-12-31","600636","5567.0000"
"2018-12-31","600636","735.0300"
"2019-12-31","600636","382.0000"
"2012-12-31","600639","1969.0209"
"2014-12-31","600639","4317.4400"
"2016-12-31","600684","6667.2300"
"2010-12-31","600685","240.0000"
"2016-12-31","600685","1644.9000"
"2019-12-31","600685","5202.8900"
"2020-12-31","600685","2090.0000"
"2016-12-31","600688","17100.0000"
"2018-12-31","600688","50957.0000"
"2019-12-31","600688","65883.0000"
"2020-12-31","600688","56925.0000"
"2016-12-31","600690","5090.0000"
"2016-12-31","600691","20485.0000"
"2018-12-31","600691","10900.0000"
"2019-12-31","600691","21536.5500"
"2014-12-31","600711","1500.0000"
"2016-12-31","600714","170.6200"
"2017-12-31","600714","346.6500"
"2018-12-31","600714","311.5500"
"2019-12-31","600714","507.0200"
"2009-12-31","600717","2244.8800"
"2016-12-31","600720","4653.0000"
"2017-12-31","600720","9000.0000"
"2016-12-31","600722","172.6200"
"2017-12-31","600722","309.0000"
"2019-12-31","600722","37.0300"
"2014-12-31","600725","5472.4500"
"2015-12-31","600725","2267.9000"
"2016-12-31","600725","1726.3400"
"2016-12-31","600727","403.0300"
"2017-12-31","600727","346.3100"
"2018-12-31","600727","1067.6400"
"2016-12-31","600731","2931.1700"
"2017-12-31","600731","1714.4000"
"2018-12-31","600731","3018.4000"
"2019-12-31","600731","3637.7100"
"2008-12-31","600740","2745.0000"
"2016-12-31","600740","1800.0000"
"2017-12-31","600740","26679.8600"
"2018-12-31","600740","8148.0000"
"2017-12-31","600741","1630.3000"
"2016-12-31","600746","1260.0000"
"2017-12-31","600746","1252.0000"
"2018-12-31","600746","1360.0000"
"2019-12-31","600746","1237.9697"
"2020-12-31","600750","740.0000"
"2016-12-31","600751","171.8950"
"2015-12-31","600761","220.0000"
"2021-12-31","600765","1289.0000"
"2016-12-31","600771","71.0000"
"2019-12-31","600775","197.0000"
"2016-12-31","600787","571.0000"
"2012-12-31","600792","4455.2600"
"2015-12-31","600792","6377.0000"
"2016-12-31","600792","2620.0600"
"2018-12-31","600792","5271.3900"
"2019-12-31","600792","5345.0400"
"2020-12-31","600792","6118.2900"
"2016-12-31","600796","1708.7300"
"2017-12-31","600796","1813.5900"
"2018-12-31","600796","2028.0000"
"2019-12-31","600796","2728.0000"
"2017-12-31","600803","31200.0000"
"2019-12-31","600803","20280.4500"
"2016-12-31","600808","12100.0000"
"2020-12-31","600808","301100.0000"
"2021-12-31","600808","206200.0000"
"2013-12-31","600810","789.8600"
"2016-12-31","600810","837.0000"
"2018-12-31","600810","3510.0000"
"2012-12-31","600824","657.1000"
"2013-12-31","600824","276.0000"
"2014-12-31","600824","340.0000"
"2016-12-31","600835","3795.6400"
"2013-12-31","600841","600.0000"
"2014-12-31","600841","650.0000"
"2016-12-31","600844","1425.6000"
"2017-12-31","600844","2157.6300"
"2018-12-31","600844","2985.4500"
"2020-12-31","600876","4398.1500"
"2015-12-31","600882","300.0000"
"2020-12-31","600886","56456.0000"
"2016-12-31","600887","16000.0000"
"2020-12-31","600887","18900.0000"
"2018-12-31","600933","511.1200"
"2020-12-31","600956","3038.0000"
"2016-12-31","600963","7035.0000"
"2021-12-31","600966","22161.0000"
"2019-12-31","600982","3082.4300"
"2016-12-31","600985","3486620.0000"
"2017-12-31","600985","377.8530"
"2018-12-31","600985","12586.8000"
"2019-12-31","600985","17650.0000"
"2019-12-31","600989","243500.0000"
"2012-12-31","600990","47.1500"
"2013-12-31","600990","48.2500"
"2016-12-31","600997","28493.6700"
"2018-12-31","600997","87295.7500"
"2012-12-31","601000","2750.0000"
"2020-12-31","601000","6300.0000"
"2013-12-31","601003","22713.0000"
"2014-12-31","601003","28348.0000"
"2015-12-31","601003","14703.0000"
"2017-12-31","601003","7311.0000"
"2018-12-31","601003","8656.0000"
"2020-12-31","601003","19262.9700"
"2020-12-31","601005","120600.0000"
"2016-12-31","601006","3068.2000"
"2017-12-31","601006","12804.5000"
"2020-12-31","601006","4144.8000"
"2016-12-31","601011","1955.0000"
"2017-12-31","601011","1978.3300"
"2018-12-31","601011","7321.4400"
"2019-12-31","601011","4711.0600"
"2016-12-31","601015","40174.0000"
"2017-12-31","601015","3840.0000"
"2018-12-31","601015","41930.0000"
"2019-12-31","601015","54598.1300"
"2018-12-31","601018","116000.0000"
"2016-12-31","601058","3111.1900"
"2017-12-31","601058","3991.3900"
"2018-12-31","601058","1909.9500"
"2009-12-31","601088","57000.0000"
"2016-12-31","601088","260500.0000"
"2019-12-31","601088","142400.0000"
"2020-12-31","601088","209900.0000"
"2021-12-31","601088","234500.0000"
"2016-12-31","601100","160.0000"
"2014-12-31","601101","1200.9900"
"2015-12-31","601101","864.7500"
"2016-12-31","601101","358.6200"
"2015-12-31","601111","36349.0000"
"2016-12-31","601111","18501.0000"
"2017-12-31","601111","29000.0000"
"2019-12-31","601111","26984.5000"
"2017-12-31","601113","91.0000"
"2020-12-31","601117","13490.0000"
"2016-12-31","601163","3000.0000"
"2017-12-31","601163","5078.7000"
"2018-12-31","601163","4409.7000"
"2019-12-31","601163","6114.4600"
"2012-12-31","601168","36000.0000"
"2015-12-31","601168","8066.5900"
"2018-12-31","601168","12260.9500"
"2019-12-31","601168","26604.7800"
"2020-12-31","601168","65081.3500"
"2019-12-31","601177","184.4300"
"2019-12-31","601186","113302.0000"
"2020-12-31","601186","153219.0000"
"2016-12-31","601208","815.4900"
"2017-12-31","601208","828.3200"
"2018-12-31","601208","1131.7700"
"2016-12-31","601216","14038.6300"
"2017-12-31","601216","17477.4300"
"2018-12-31","601216","26582.2400"
"2018-12-31","601225","70300.0000"
"2020-12-31","601225","113200.0000"
"2018-12-31","601228","30000.0000"
"2014-12-31","601231","837.7817"
"2015-12-31","601231","1227.7884"
"2016-12-31","601231","1339.5513"
"2017-12-31","601231","1372.1820"
"2018-12-31","601231","2155.0448"
"2019-12-31","601231","2344.0032"
"2020-12-31","601231","2660.3381"
"2016-12-31","601233","6074.6000"
"2017-12-31","601233","7119.7900"
"2019-12-31","601311","10000.0000"
"2016-12-31","601500","621.2100"
"2017-12-31","601500","475.5900"
"2018-12-31","601500","635.7000"
"2019-12-31","601500","2417.2300"
"2016-12-31","601607","8984.0000"
"2020-12-31","601609","4247.9400"
"2017-12-31","601618","26500.0000"
"2016-12-31","601636","19700.0000"
"2018-12-31","601636","37000.0000"
"2020-12-31","601636","15500.0000"
"2014-12-31","601666","3985.8900"
"2011-12-31","601668","20000.0000"
"2012-12-31","601668","2565.0000"
"2013-12-31","601668","2646.0000"
"2014-12-31","601668","3179.0000"
"2015-12-31","601668","3678.0000"
"2016-12-31","601668","4180.0000"
"2017-12-31","601668","5399.0000"
"2018-12-31","601668","13295.0000"
"2016-12-31","601669","19944.6000"
"2017-12-31","601669","21800.0000"
"2018-12-31","601669","62000.0000"
"2019-12-31","601669","6540.0000"
"2020-12-31","601669","70200.0000"
"2017-12-31","601678","13008.3900"
"2019-12-31","601678","28227.8200"
"2016-12-31","601727","4796.0000"
"2017-12-31","601727","6748.0000"
"2015-12-31","601808","3267.5700"
"2016-12-31","601808","2596.8800"
"2017-12-31","601808","2714.3200"
"2018-12-31","601808","8217.0800"
"2021-12-31","601857","392000.0000"
"2017-12-31","601866","83099.3700"
"2014-12-31","601899","300.0000"
"2020-12-31","601918","17600.0000"
"2020-12-31","601958","5344.0000"
"2016-12-31","601966","899.9900"
"2017-12-31","601966","2742.1500"
"2018-12-31","601966","3817.2700"
"2020-12-31","601989","12900.0000"
"2016-12-31","603002","1478.7300"
"2017-12-31","603002","3205.6700"
"2018-12-31","603002","5603.3800"
"2019-12-31","603002","1006.2300"
"2016-12-31","603010","664.0000"
"2017-12-31","603010","2525.0000"
"2018-12-31","603010","6456.9800"
"2019-12-31","603010","10907.5000"
"2021-12-31","603010","10892.1800"
"2016-12-31","603021","2015.3700"
"2017-12-31","603021","1746.9200"
"2018-12-31","603021","1306.1600"
"2020-12-31","603021","1207.4400"
"2016-12-31","603026","644.9200"
"2017-12-31","603026","77714542.6500"
"2018-12-31","603026","58431690.2900"
"2016-12-31","603033","415.1700"
"2017-12-31","603033","357.0000"
"2018-12-31","603033","389.0000"
"2017-12-31","603041","162.5800"
"2018-12-31","603041","169.3100"
"2018-12-31","603059","41.6500"
"2016-12-31","603067","2427.2000"
"2017-12-31","603067","3051.0600"
"2018-12-31","603067","4854.2400"
"2016-12-31","603077","3327.2000"
"2017-12-31","603077","11070.0300"
"2018-12-31","603077","63716.9500"
"2017-12-31","603078","2049730.3200"
"2018-12-31","603078","194.5000"
"2019-12-31","603078","108.0300"
"2017-12-31","603079","1387.7300"
"2018-12-31","603079","2238.1300"
"2019-12-31","603079","3565.1400"
"2017-12-31","603086","6929.6600"
"2018-12-31","603086","8761.8400"
"2019-12-31","603086","14548.0600"
"2017-12-31","603110","86.0700"
"2018-12-31","603110","92.5600"
"2017-12-31","603113","16503.2900"
"2018-12-31","603113","137012745.6200"
"2017-12-31","603165","2980.0000"
"2018-12-31","603165","3285.2000"
"2019-12-31","603165","2000.0000"
"2020-12-31","603165","3000.0000"
"2017-12-31","603181","827.0300"
"2018-12-31","603181","927.2900"
"2015-12-31","603188","6859.9603"
"2016-12-31","603188","9490.4599"
"2017-12-31","603188","17083.8200"
"2018-12-31","603192","1120.3200"
"2020-12-31","603192","927.6000"
"2017-12-31","603225","583.6200"
"2019-12-31","603225","29588.4600"
"2017-12-31","603227","177.8000"
"2018-12-31","603227","837.2700"
"2020-12-31","603227","249.2700"
"2018-12-31","603228","9500.0000"
"2019-12-31","603256","332.5600"
"2020-12-31","603256","492.0000"
"2017-12-31","603260","33906.7800"
"2018-12-31","603260","29411.2800"
"2019-12-31","603260","20367.1600"
"2017-12-31","603266","60.3400"
"2018-12-31","603266","57.7300"
"2020-12-31","603288","1318.9900"
"2016-12-31","603299","2525.4500"
"2017-12-31","603299","4481.8400"
"2019-12-31","603299","4559.4300"
"2016-12-31","603328","5754.0300"
"2017-12-31","603328","7651.5100"
"2018-12-31","603328","9193.5900"
"2017-12-31","603330","116.3400"
"2018-12-31","603330","97.6600"
"2019-12-31","603330","203.4400"
"2019-12-31","603332","677.2100"
"2017-12-31","603360","599.1000"
"2018-12-31","603360","16685.4153"
"2017-12-31","603378","805.8000"
"2018-12-31","603378","537.7300"
"2020-12-31","603378","1205.8700"
"2019-12-31","603379","3641.0500"
"2015-12-31","603568","7730.2200"
"2016-12-31","603568","8228.5700"
"2017-12-31","603568","12696.3000"
"2020-12-31","603568","45948.6400"
"2016-12-31","603585","3949.0000"
"2017-12-31","603585","5321.0000"
"2018-12-31","603585","5573.0000"
"2018-12-31","603588","23406.9100"
"2016-12-31","603599","3684.0400"
"2017-12-31","603599","6046.6500"
"2018-12-31","603599","8412.1100"
"2019-12-31","603599","5648.5873"
"2017-12-31","603605","83.7800"
"2018-12-31","603605","92.3500"
"2019-12-31","603605","141.8500"
"2020-12-31","603610","568.7000"
"2021-12-31","603610","278.2000"
"2019-12-31","603611","1335.0000"
"2017-12-31","603612","13899.4100"
"2017-12-31","603615","47.5536"
"2018-12-31","603615","79.8700"
"2019-12-31","603615","92.2900"
"2017-12-31","603630","113.1600"
"2018-12-31","603630","209.8400"
"2017-12-31","603639","3320.8600"
"2018-12-31","603639","13110.6900"
"2019-12-31","603639","12455.7200"
"2018-12-31","603650","2200.2600"
"2019-12-31","603650","4424.0000"
"2019-12-31","603681","782.4000"
"2017-12-31","603683","4923.8400"
"2018-12-31","603683","1799.4648"
"2019-12-31","603683","2456.3500"
"2018-12-31","603712","199.0000"
"2017-12-31","603722","119.8404"
"2018-12-31","603722","503.3240"
"2019-12-31","603722","973.7097"
"2017-12-31","603725","379.8300"
"2016-12-31","603737","292.3700"
"2017-12-31","603737","991.8100"
"2018-12-31","603737","1639.6200"
"2018-12-31","603757","162.6600"
"2017-12-31","603779","150.0000"
"2018-12-31","603790","404.2146"
"2019-12-31","603790","565.6900"
"2016-12-31","603798","385.0000"
"2017-12-31","603798","76.7532"
"2018-12-31","603798","55.9500"
"2019-12-31","603798","70.1600"
"2018-12-31","603799","4979.0000"
"2019-12-31","603799","18832.5000"
"2020-12-31","603799","22770.2700"
"2017-12-31","603806","1402.2600"
"2018-12-31","603810","14550.4300"
"2016-12-31","603822","390.2600"
"2017-12-31","603822","570.5600"
"2019-12-31","603822","987.1000"
"2016-12-31","603823","8438.5109"
"2017-12-31","603823","6984.9200"
"2018-12-31","603823","10038.1900"
"2019-12-31","603867","1352.7300"
"2017-12-31","603879","192.1100"
"2018-12-31","603879","301.8600"
"2019-12-31","603882","1020.5000"
"2020-12-31","603882","706.1000"
"2016-12-31","603889","2915.8900"
"2017-12-31","603889","1952.1500"
"2018-12-31","603889","824.5700"
"2019-12-31","603889","1683.0000"
"2017-12-31","603906","158.6600"
"2018-12-31","603906","348.3500"
"2019-12-31","603906","282.3133"
"2017-12-31","603916","302.1100"
"2018-12-31","603916","287.6900"
"2016-12-31","603928","254.4300"
"2017-12-31","603928","504.7000"
"2018-12-31","603928","724.0900"
"2019-12-31","603928","686.6600"
"2017-12-31","603938","558.4100"
"2018-12-31","603938","562.8400"
"2020-12-31","603956","10.0000"
"2016-12-31","603968","2670.0000"
"2017-12-31","603968","3377.3000"
"2018-12-31","603968","6491.0000"
"2017-12-31","603970","75.4300"
"2018-12-31","603970","104.3800"
"2016-12-31","603977","495.8145"
"2017-12-31","603977","3719453.1500"
"2017-12-31","603980","14367.3500"
"2019-12-31","603980","23335.2400"
"2017-12-31","603991","161.0375"
"2017-12-31","603993","102200.0000"
"2020-12-31","605500","2200.0000"
"2019-12-31","688089","676.8400"
"2020-12-31","688089","549.8800"
"2020-12-31","688139","25.8000"
"2019-12-31","688268","407.6000"
